-- phpMyAdmin SQL Dump
-- version 4.0.10.14
-- http://www.phpmyadmin.net
--
-- Host: localhost:3306
-- Generation Time: Aug 03, 2016 at 08:54 PM
-- Server version: 5.5.44-MariaDB-cll-lve
-- PHP Version: 5.4.31

SET SQL_MODE = "NO_AUTO_VALUE_ON_ZERO";
SET time_zone = "+00:00";


/*!40101 SET @OLD_CHARACTER_SET_CLIENT=@@CHARACTER_SET_CLIENT */;
/*!40101 SET @OLD_CHARACTER_SET_RESULTS=@@CHARACTER_SET_RESULTS */;
/*!40101 SET @OLD_COLLATION_CONNECTION=@@COLLATION_CONNECTION */;
/*!40101 SET NAMES utf8 */;

--
-- Database: `andiroha_sedekahilmu`
--

-- --------------------------------------------------------

--
-- Table structure for table `tbl_ilmu`
--

CREATE TABLE IF NOT EXISTS `tbl_ilmu` (
  `ilmu_id` int(11) NOT NULL AUTO_INCREMENT,
  `tgl_input` timestamp NOT NULL DEFAULT CURRENT_TIMESTAMP,
  `user_id` int(11) NOT NULL,
  `judul` varchar(255) NOT NULL,
  `deskripsi` longtext NOT NULL,
  `gambar` varchar(255) NOT NULL,
  `viewer` int(11) NOT NULL,
  `thumbnail` varchar(255) NOT NULL,
  `ilmustatus_id` tinyint(2) NOT NULL COMMENT '1 = aktif, 2 = non aktif',
  `statuspublish_id` tinyint(2) NOT NULL COMMENT '1 = publish, 2 draft',
  `url_ilmu` varchar(255) NOT NULL,
  PRIMARY KEY (`ilmu_id`)
) ENGINE=InnoDB  DEFAULT CHARSET=latin1 AUTO_INCREMENT=28 ;

--
-- Dumping data for table `tbl_ilmu`
--

INSERT INTO `tbl_ilmu` (`ilmu_id`, `tgl_input`, `user_id`, `judul`, `deskripsi`, `gambar`, `viewer`, `thumbnail`, `ilmustatus_id`, `statuspublish_id`, `url_ilmu`) VALUES
(13, '2016-06-19 01:54:27', 8, 'DAFTARKAN SEGERA DIRI ANDA MENJADI AUTHOR DAN SEDEKAHKAN ILMU ANDA', '<p><strong>Hi Kaka,</strong></p>\r\n<p> </p>\r\n<p>Gimana kabar kaka - kaka semuanya ? pada sehat kan ? Syukurlah kalau kabar kaka semua pada sehat. Buat kaka yang kurang sehat, semoga cepat sehat ya kaka. aamiin... ^__^</p>\r\n<p> </p>\r\n<p>Owh iya kaka, Selamat datang di<strong> <a href="../../../">Sedekahilmu.net</a> </strong>ya Ka, sudah tahu kah kaka apa itu <strong> <a href="../../../">Sedekahilmu.net</a></strong><strong> ? </strong>Kalau belum tau, biar ade jelasin sebentar ya kaka. </p>\r\n<p> </p>\r\n<p><strong> <a href="../../../">Sedekahilmu.net</a> </strong>ialah sebuah situs yang dibangun buat kaka - kaka yang hobi nulis dan mau menyedekahkan ilmu yang kaka miliki tapi tidak memiliki sarana ataupun tempat untuk meyalurkan hobi tersebut. </p>\r\n<p> </p>\r\n<p>Nah, bagi kaka - kaka yang hobi nulis dan mau menyedekahkan ilmu yang kaka miliki, langsung aja daftarkan diri kaka disini,<strong> </strong>Di sini kaka - kaka bisa menyalurkan hobi kaka, bisa nulis dan menyedekahkan ilmu yang kaka miliki sepuasnya, kapanpun dan dimanapun ^__^<br><br>Udah jelas kan kaka - kakak penjelasan ade barusan ? </p>\r\n<p> </p>\r\n<p>Jadi, tunggu apalagi kaka, buruan daftar . . .</p>\r\n<p> </p>\r\n<p>Owh iya kaka, terimakasih ya udah mampir dimari .. </p>\r\n<p>Sampai jumpa kaka, semoga hari kaka menyenangkan ^__^</p>', 'uploads/image/ilmu/sedekah3.png', 37, 'uploads/thumbnail/ilmu/sedekah3_thumb.png', 1, 1, 'daftarkan-segera-diri-anda-menjadi-author-dan-sedekahkan-ilmu-anda'),
(14, '2016-06-19 03:00:14', 8, 'The Missing Lin[g]', '<div class="_2cuy _3dgx _2vxa">Setelah bercengkerama dengan ratusan adik mahasiswa dan pelajar dlm <a class="_58cn" href="https://www.facebook.com/hashtag/ikutsedekahilmu?source=note" target="_blank" data-ft="{">#ikutSedekahIlmu</a>,</div>\r\n<div class="_2cuy _3dgx _2vxa">ada beberapa fenomena menarik, yang paling terlihat yaitu missing link antara kesiapan talenta IT vs kebutuhan standar Industri IT global.</div>\r\n<div class="_2cuy _3dgx _2vxa"> </div>\r\n<div class="_2cuy _3dgx _2vxa">Jika diambil kesimpulan awal, masih diperlukan</div>\r\n<div class="_2cuy _3dgx _2vxa">1. Pemahaman pada item yang dibutuhkan oleh standar industri IT</div>\r\n<div class="_2cuy _3dgx _2vxa">2. Best practice IT troubleshooting</div>\r\n<div class="_2cuy _3dgx _2vxa">3. Memperpendek waktu learning curve & menambah referensi belajar</div>\r\n<div class="_2cuy _3dgx _2vxa">4. Peningkatan pemanfaatan opensource tepat guna</div>\r\n<div class="_2cuy _3dgx _2vxa">5. Project Management, Teamwork & Standarisasi project</div>\r\n<div class="_2cuy _3dgx _2vxa">6. Kewirausahaan & ITpreneurship</div>\r\n<div class="_2cuy _3dgx _2vxa">7. Peningkatan jumlah portfolio & jam terbang pada real project</div>\r\n<div class="_2cuy _3dgx _2vxa">8. Perluasan Networking & Komunitas belajar</div>\r\n<div class="_2cuy _3dgx _2vxa"> </div>\r\n<div class="_2cuy _3dgx _2vxa">Jika ini bisa tersolusikan dengan baik pasi akan menguntungkan semua element yang terlibat. Dari sisi perusahaan, diuntungkan karena semakin mudah menemukan talenta yang berkualitas.</div>\r\n<div class="_2cuy _3dgx _2vxa"> </div>\r\n<div class="_2cuy _3dgx _2vxa">Dari sisi talent, karir mereka pasti juga terjamin. Mereka tidak lagi bingung mencari kerja, malahan bisa jadi malah dikejar kejar oleh perusahaan dunia :) Amin 3x....</div>\r\n<div class="_2cuy _3dgx _2vxa"> </div>\r\n<div class="_2cuy _3dgx _2vxa">Solusinya sederhanya, kenalkan kebutuhan standar industri IT ke pelajar/mahasiswa sedini mungkin, sehingga proses adaptasi tidak memakan waktu lama. Intinya, mengenalkan ‘real’ tehnologi apa yang nantinya dipakai saat mereka berkarir ‘di lapangan’, team manamen pada perusahaan IT, troubleshoting, self learning dkk.</div>\r\n<div class="_2cuy _3dgx _2vxa"> </div>\r\n<div class="_2cuy _3dgx _2vxa">Ada baiknya, tidak hanya mengajarkan apa yang mudah diajarkan saja, tapi penting juga mengajarkan apa yang membuat mudah di hari depan.</div>\r\n<div class="_2cuy _3dgx _2vxa"> </div>\r\n<div class="_2cuy _3dgx _2vxa">Mudah2an ada platform dan strategi yang bisa menjadi solusi sedikit ketimpangan di atas.</div>\r\n<div class="_2cuy _3dgx _2vxa"> </div>\r\n<div class="_2cuy _3dgx _2vxa">Source : <a title="Zam R" href="https://www.facebook.com/notes/zam-r/the-missing-ling/191828357885099">https://www.facebook.com/notes/zam-r/the-missing-ling/191828357885099</a></div>', 'uploads/image/ilmu/Screenshot_60.png', 33, 'uploads/thumbnail/ilmu/Screenshot_60_thumb.png', 1, 1, 'the-missing-ling'),
(15, '2016-06-19 05:10:32', 8, 'Bekerja dengan efektif dan efisien menggunakan addon IDE', '<div class="_2cuy _3dgx _2vxa">Penggunaan fitur dan addon pada IDE dengan benar akan sangat membantu kita, khususnya saat <span class="_5yi_">pembuatan prototipe</span> sebuah aplikasi, atau saat kita mengejar <span class="_5yi_">dateline/deadline project</span>.</div>\r\n<div class="_2cuy _3dgx _2vxa"> </div>\r\n<div class="_2cuy _3dgx _2vxa"><span class="_5yi-">Packagecontrol.io</span> Adalah portal package manager untuk sublime text editor. Di sana berisi ratusan alat bantu yang bisa mempercepat dan membuat proses pengkodean menjadi lebih efektif dan efisien.</div>\r\n<div class="_2cuy _3dgx _2vxa"> </div>\r\n<div class="_2cuy _3dgx _2vxa">Hampir semua kebutuhan otomatisasi untuk developer tersedia di sana, mulai dari code <span class="_5yi_">snippet, text completion , code compilation, minifier, prettify, git, themes</span> dan masih banyak lainya.</div>\r\n<div class="_2cuy _3dgx _2vxa"> </div>\r\n<div class="_2cuy _3dgx _2vxa">Berikut beberapa contoh penggunaan beberapa addon untuk mempercepat pekerjaan kita</div>\r\n<div class="_2cuy _3dgx _2vxa"> </div>\r\n<div class="_2cuy _3dgx _2vxa"><span class="_5yi-">1. AdvancedNewFile </span>Merupakan sekumpulan shortcut yang berkaitan dengan file manager. Mulai dari create , edit, duplicate file dll. <a href="https://www.facebook.com/l.php?u=https://packagecontrol.io/packages/AdvancedNewFile&h=HAQH2RIr8&s=1" target="_blank" rel="nofollow">https://packagecontrol.io/packages/<span class="_5yi-">AdvancedNewFile</span></a></div>\r\n<div class="_2cuy _3dgx _2vxa"> </div>\r\n<div class="_2cuy _3dgx _2vxa"><span class="_5yi-">2. AutoFilename</span> Berfungsi untuk mempercepat pemanggilan nama file atau folder, sebagai contoh pada pemanggilan javascrip ‘src’, css file, image file, hyperlink dll. <a href="https://www.facebook.com/l.php?u=https://packagecontrol.io/packages/AutoFileName&h=8AQHWYD4P&s=1" target="_blank" rel="nofollow">https://packagecontrol.io/packages/<span class="_5yi-">AutoFileName</span></a></div>\r\n<div class="_2cuy _3dgx _2vxa"> </div>\r\n<div class="_2cuy _3dgx _2vxa"><span class="_5yi-">3. SidebarEnhancements</span> Sebuah tools UI untuk memudahkan kita dalam memanage file dan project pada menu sidebar <a href="https://www.facebook.com/l.php?u=https://packagecontrol.io/packages/SideBarEnhancements&h=zAQHvknRM&s=1" target="_blank" rel="nofollow"><span class="_we">https://packagecontrol.io/packages/</span><span class="_5yi- _we">SideBarEnhancements</span></a></div>\r\n<div class="_2cuy _3dgx _2vxa"> </div>\r\n<div class="_2cuy _3dgx _2vxa"><span class="_5yi-">4. Emmet</span> Shorcut ajaib dari emment, membantu kita dalam penulisan CSS dan HTML. Dengan addon ini, bisa menggantikan puluhan baris kode dengan hanya menulis 1-2 kata saja <a href="https://www.facebook.com/l.php?u=https://packagecontrol.io/packages/Emmet&h=zAQHvknRM&s=1" target="_blank" rel="nofollow"><span class="_we">https://packagecontrol.io/packages/</span><span class="_5yi- _we">Emmet</span></a></div>\r\n<div class="_2cuy _3dgx _2vxa"> </div>\r\n<div class="_2cuy _3dgx _2vxa"><span class="_5yi-">5. Snippet Maker </span> Dengan tools ini kita bisa membuat ratusan custom snipet snipet kode yang sering kita gunakan, jadi tidak perlu menulis ulang, cukup dengan satu dua tombol saja. <a href="https://www.facebook.com/l.php?u=https://packagecontrol.io/packages/SnippetMaker&h=jAQGapZ_3&s=1" target="_blank" rel="nofollow">https://packagecontrol.io/packages/<span class="_5yi-">SnippetMaker</span></a></div>\r\n<div class="_2cuy _3dgx _2vxa"> </div>\r\n<div class="_2cuy _3dgx _2vxa"><span class="_5yi-">6. Sublime Linter</span> Tools ini akan memberi peingatan (warning) secara realtime, jikalau terjadi kesalahan dalam kode kita, misal kurang titik, koma, titik koma dll <a href="https://www.facebook.com/l.php?u=https://packagecontrol.io/packages/SublimeLinter&h=YAQHvtYNX&s=1" target="_blank" rel="nofollow">https://packagecontrol.io/packages/<span class="_5yi-">SublimeLinter</span></a></div>\r\n<div class="_2cuy _3dgx _2vxa"> </div>\r\n<div class="_2cuy _3dgx _2vxa"><span class="_5yi-">7. Bootstrap 3 Snippets</span> Berisi snipet code bootstrap 3. Sangat komplit, mulai dari navbar snippet, hingga button snippet. Semua code yang ada pada bootstrap, terdatapat disini. <a href="https://www.facebook.com/l.php?u=https://packagecontrol.io/packages/Bootstrap 3 Snippets&h=gAQFp1GI0&s=1" target="_blank" rel="nofollow">https://packagecontrol.io/packages/<span class="_5yi-">Bootstrap</span> 3 <span class="_5yi-">Snippets</span></a></div>\r\n<div class="_2cuy _3dgx _2vxa"> </div>\r\n<div class="_2cuy _3dgx _2vxa"><span class="_5yi-">8. Codeigniter Snippets</span> Berisi code snippet yang kita butuhkan saat mendevelop aplikasi dengan framework codeigniter. Tidak hanya CI dan PHP, RoR, Nodejs, Java dll. <a href="https://www.facebook.com/l.php?u=https://packagecontrol.io/packages/CodeIgniter Snippets&h=PAQEYWmPk&s=1" target="_blank" rel="nofollow">https://packagecontrol.io/packages/<span class="_5yi-">CodeIgniter</span> <span class="_5yi-">Snippets</span></a></div>\r\n<div class="_2cuy _3dgx _2vxa"> </div>\r\n<div class="_2cuy _3dgx _2vxa"><span class="_5yi-">9. CSSComb</span> Berfungsi untuk merapikan dan mengurutkan code code CSS <a href="https://www.facebook.com/l.php?u=https://packagecontrol.io/packages/CSScomb&h=rAQFNuwJv&s=1" target="_blank" rel="nofollow">https://packagecontrol.io/packages/<span class="_5yi-">CSScomb</span></a></div>\r\n<div class="_2cuy _3dgx _2vxa"> </div>\r\n<div class="_2cuy _3dgx _2vxa"><span class="_5yi-">10. HTML, CSS, JS Prettify</span> Berfungsi untuk merapikan code indent baris demi baris secara otomatis. Dengan tools ini, kita tidak perlu merapikan satu persatu kode yang sedang kita buat. <a href="https://www.facebook.com/l.php?u=https://packagecontrol.io/packages/HTML-CSS-JS Prettify&h=PAQEYWmPk&s=1" target="_blank" rel="nofollow">https://packagecontrol.io/packages/<span class="_5yi-">HTML</span>-<span class="_5yi-">CSS</span>-JS <span class="_5yi-">Prettify</span></a></div>\r\n<div class="_2cuy _3dgx _2vxa">Dan masih banyak ratusan addon addon lainya yang bisa mempercepat pekerjaan pengkodean kita.</div>\r\n<div class="_2cuy _3dgx _2vxa"> </div>\r\n<div class="_2cuy _3dgx _2vxa"><span class="_5yi-">Demo Sublime Text 3 Addon Video </span><a href="https://www.youtube.com/watch?v=rRaLzQmciko" target="_blank" rel="nofollow"><span class="_5yi-">https://www.youtube.com/watch?v=rRaLzQmciko</span></a></div>\r\n<div class="_2cuy _3dgx _2vxa"> </div>\r\n<div class="_2cuy _3dgx _2vxa">List Addon untuk editor lain</div>\r\n<div class="_2cuy _3dgx _2vxa">Bracket Extension <a href="http://brackets.dnbard.com/extensions" target="_blank" rel="nofollow">http://brackets.dnbard.com/extensio...</a></div>\r\n<div class="_2cuy _3dgx _2vxa">Atom Extension <a href="https://atom.io/packages" target="_blank" rel="nofollow">https://<span class="_5yi-">atom</span>.io/packages</a></div>\r\n<div class="_2cuy _3dgx _2vxa">Visual Studio <a href="https://marketplace.visualstudio.com/" target="_blank" rel="nofollow">https://marketplace.<span class="_5yi-">visualstudio</span>.com/</a></div>\r\n<div class="_2cuy _3dgx _2vxa"> </div>\r\n<div class="_2cuy _3dgx _2vxa">Sumber : <a href="https://www.facebook.com/notes/zam-r/bekerja-dengan-efektif-dan-efisien-menggunakan-addon-ide/189450341456234">https://www.facebook.com/notes/zam-r/bekerja-dengan-efektif-dan-efisien-menggunakan-addon-ide/189450341456234</a></div>', 'uploads/image/ilmu/Screenshot_61.png', 177, 'uploads/thumbnail/ilmu/Screenshot_61_thumb.png', 1, 1, 'bekerja-dengan-efektif-dan-efisien-menggunakan-addon-ide'),
(20, '2016-06-19 05:36:03', 8, 'Small URL list to learn programming for Free', '<div class="_2cuy _3dgx _2vxa">1. <a href="https://www.codecademy.com/" target="_blank" rel="nofollow">https://www.codecademy.com/</a> Tempat belajar berbagai macam bahasa pemograman dengan metode interaktif. Topik: HTML, CSS, JavaScript, PHP, Python, Ruby, Angularjs, The Command Line, and more</div>\r\n<div class="_2cuy _3dgx _2vxa"> </div>\r\n<div class="_2cuy _3dgx _2vxa">2. <a href="https://www.codewars.com/" target="_blank" rel="nofollow">https://www.codewars.com/</a> Belajar pemograman dengan menyenangkan, beradu skill , archade mode. Topik: CoffeeScript, JavaScript, Python, Ruby, Java, Clojure, and Haskell</div>\r\n<div class="_2cuy _3dgx _2vxa"> </div>\r\n<div class="_2cuy _3dgx _2vxa">3. <a href="https://www.facebook.com/l.php?u=https://www.coursera.org/&h=GAQGWW3yA&s=1" target="_blank" rel="nofollow">https://www.coursera.org/</a> Portal video pembelajaran online, dipandu oleh praktisi dan akademisi. Topik: Basik pemograman dan computer science</div>\r\n<div class="_2cuy _3dgx _2vxa"> </div>\r\n<div class="_2cuy _3dgx _2vxa">4. <a href="https://www.facebook.com/l.php?u=https://www.edx.org/&h=zAQHvknRM&s=1" target="_blank" rel="nofollow">https://www.edx.org/</a> Open Source pembelajaran online di bawah bimbingan MIT dan Harvard university Topik: Java, C#, Python, and many more</div>\r\n<div class="_2cuy _3dgx _2vxa"> </div>\r\n<div class="_2cuy _3dgx _2vxa">5. <a href="https://www.facebook.com/l.php?u=https://www.freecodecamp.com/&h=8AQHWYD4P&s=1" target="_blank" rel="nofollow">https://www.freecodecamp.com/</a> Lebih dari 1000 jam training online Topik: HTML, CSS, JavaScript, Databases, DevTools, Node.js, and Angular.js</div>\r\n<div class="_2cuy _3dgx _2vxa"> </div>\r\n<div class="_2cuy _3dgx _2vxa">6. <a href="https://www.facebook.com/l.php?u=https://dash.generalassemb.ly/&h=PAQEYWmPk&s=1" target="_blank" rel="nofollow">https://dash.generalassemb.ly/</a> Learn to make awesome websites, HTML, CXSS Topik: HTML, CSS, JavaScript, responsive design</div>\r\n<div class="_2cuy _3dgx _2vxa"> </div>\r\n<div class="_2cuy _3dgx _2vxa">7. <a href="https://www.facebook.com/l.php?u=https://www.khanacademy.org/&h=KAQHesfre&s=1" target="_blank" rel="nofollow">https://www.khanacademy.org/</a> Math, science, computer programming, history, art, economics, and even more free online classes. Topik: JS, HTML/CSS, SQL, much more 8. <a href="http://l.facebook.com/l.php?u=http://ocw.mit.edu/&h=_AQHC4aDe&s=1" target="_blank" rel="nofollow">http://ocw.mit.edu/</a> Maintain an online library of every subject they teach, with no account required for access Topik: Pemograman umum</div>\r\n<div class="_2cuy _3dgx _2vxa"> </div>\r\n<div class="_2cuy _3dgx _2vxa">9. <a href="http://l.facebook.com/l.php?u=http://www.theodinproject.com/&h=KAQHesfre&s=1" target="_blank" rel="nofollow">http://www.theodinproject.com/</a> Learn Web Development for Free Topik: HTML, CSS, JavaScript & jQuery, Ruby programming, Ruby on Rails</div>\r\n<div class="_2cuy _3dgx _2vxa"> </div>\r\n<div class="_2cuy _3dgx _2vxa">10. <a href="https://www.facebook.com/l.php?u=https://www.udacity.com/&h=6AQEP_3DR&s=1" target="_blank" rel="nofollow">https://www.udacity.com/</a> Train you for specific careers like front-end web developer or data analyst Topik: Pemograman umum</div>\r\n<div class="_2cuy _3dgx _2vxa"> </div>\r\n<div class="_2cuy _3dgx _2vxa">11. <a href="https://www.facebook.com/l.php?u=https://www.udemy.com/&h=uAQFBpPdy&s=1" target="_blank" rel="nofollow">https://www.udemy.com/</a> Paid and free courses Topik: Pemograman umum</div>\r\n<div class="_2cuy _3dgx _2vxa"> </div>\r\n<div class="_2cuy _3dgx _2vxa">12. <a href="http://l.facebook.com/l.php?u=http://thecodeplayer.com/&h=jAQGapZ_3&s=1" target="_blank" rel="nofollow">http://thecodeplayer.com/</a> Video style walkthroughs showing cool stuff being created from scratch Topik: HTML5, CSS3, Javascript, Regex, JQuery</div>\r\n<div class="_2cuy _3dgx _2vxa"><span class="_5yi-">Youtube Link</span> 13. <a href="https://www.facebook.com/l.php?u=https://www.youtube.com/user/CodersGuide&h=tAQF5LpYX&s=1" target="_blank" rel="nofollow">https://www.youtube.com/user/Coders...</a> 19-video series on JavaScript, another 19 videos on HTML/CSS</div>\r\n<div class="_2cuy _3dgx _2vxa"> </div>\r\n<div class="_2cuy _3dgx _2vxa">14. <a href="https://www.facebook.com/l.php?u=https://www.youtube.com/user/DevTipsForDesignersHTML&h=xAQHCt54r&s=1" target="_blank" rel="nofollow">https://www.youtube.com/user/DevTip...</a>, CSS, JavaScript, Bootstrap, WordPress, iOS and Android</div>\r\n<div class="_2cuy _3dgx _2vxa"> </div>\r\n<div class="_2cuy _3dgx _2vxa">15. <a href="https://www.facebook.com/l.php?u=https://www.youtube.com/user/DevTipsForDesigners&h=3AQFNZmUU&s=1" target="_blank" rel="nofollow">https://www.youtube.com/user/DevTip...</a> Focuses on web design and web development</div>\r\n<div class="_2cuy _3dgx _2vxa"> </div>\r\n<div class="_2cuy _3dgx _2vxa">16. <a href="https://www.youtube.com/user/learncodeacademy" target="_blank" rel="nofollow">https://www.youtube.com/user/learnc...</a> Web-development-focused videos</div>\r\n<div class="_2cuy _3dgx _2vxa"> </div>\r\n<div class="_2cuy _3dgx _2vxa">17. <a href="https://www.facebook.com/l.php?u=https://www.youtube.com/user/thenewboston&h=MAQFGUnaR&s=1" target="_blank" rel="nofollow">https://www.youtube.com/user/thenew...</a> Over 4,000 videos on a range of programming, game development, and design</div>\r\n<div class="_2cuy _3dgx _2vxa"> </div>\r\n<div class="_2cuy _3dgx _2vxa"> </div>\r\n<div class="_2cuy _3dgx _2vxa"><strong><span class="_5yi-">BLOGS</span></strong></div>\r\n<div class="_2cuy _3dgx _2vxa"> </div>\r\n<div class="_2cuy _3dgx _2vxa">18. <a href="http://l.facebook.com/l.php?u=http://alistapart.com/&h=KAQHesfre&s=1" target="_blank" rel="nofollow">http://alistapart.com/</a> Lots of authors. They write books, have events, and run a great development/design blog</div>\r\n<div class="_2cuy _3dgx _2vxa"> </div>\r\n<div class="_2cuy _3dgx _2vxa">19. <a href="https://css-tricks.com/" target="_blank" rel="nofollow">https://css-tricks.com/</a> Codesnippet & blog for JavaScript, PHP, and more</div>\r\n<div class="_2cuy _3dgx _2vxa"> </div>\r\n<div class="_2cuy _3dgx _2vxa">20. <a href="https://davidwalsh.name/" target="_blank" rel="nofollow">https://davidwalsh.name/</a> a senior developer at Mozilla</div>\r\n<div class="_2cuy _3dgx _2vxa"> </div>\r\n<div class="_2cuy _3dgx _2vxa">21. <a href="https://www.facebook.com/l.php?u=https://scotch.io/&h=9AQFBLfdI&s=1" target="_blank" rel="nofollow">https://scotch.io/</a> To name a few: Angular, node.js, laravel, Sublime Text, and more.</div>\r\n<div class="_2cuy _3dgx _2vxa"> </div>\r\n<div class="_2cuy _3dgx _2vxa">22. <a href="https://www.facebook.com/l.php?u=https://www.sitepoint.com/&h=wAQEatY54&s=1" target="_blank" rel="nofollow">https://www.sitepoint.com/</a> No comments !</div>\r\n<div class="_2cuy _3dgx _2vxa"> </div>\r\n<div class="_2cuy _3dgx _2vxa">23. <a href="http://l.facebook.com/l.php?u=http://tutsplus.com/&h=fAQHTa7WR&s=1" target="_blank" rel="nofollow">http://tutsplus.com/</a> Video courses to build new skills from start to finish.Over 840 easy-to-follow video courses by expert instructors, plus dozens of new courses added each month.</div>\r\n<div class="_2cuy _3dgx _2vxa"> </div>\r\n<div class="_2cuy _3dgx _2vxa"> </div>\r\n<div class="_2cuy _3dgx _2vxa"><strong><span class="_5yi-">THE COMMAND LINE</span></strong></div>\r\n<div class="_2cuy _3dgx _2vxa"> </div>\r\n<div class="_2cuy _3dgx _2vxa">24. <a href="http://l.facebook.com/l.php?u=http://commandlinepoweruser.com/&h=OAQGtu6SK&s=1" target="_blank" rel="nofollow">http://commandlinepoweruser.com/</a> A video series for web developers on learning a modern command line workflow with ZSH, Z and related tools.</div>\r\n<div class="_2cuy _3dgx _2vxa"> </div>\r\n<div class="_2cuy _3dgx _2vxa">25. <a href="http://l.facebook.com/l.php?u=http://conqueringthecommandline.com/book&h=6AQEP_3DR&s=1" target="_blank" rel="nofollow">http://conqueringthecommandline.com/...</a> Unix and Linux Commands for Developers</div>\r\n<div class="_2cuy _3dgx _2vxa"> </div>\r\n<div class="_2cuy _3dgx _2vxa">26. <a href="http://l.facebook.com/l.php?u=http://cli.learncodethehardway.org/book/&h=YAQHvtYNX&s=1" target="_blank" rel="nofollow">http://cli.learncodethehardway.org/...</a> The Command Line Crash Course</div>\r\n<div class="_2cuy _3dgx _2vxa"> </div>\r\n<div class="_2cuy _3dgx _2vxa"> </div>\r\n<div class="_2cuy _3dgx _2vxa"><strong><span class="_5yi-">GIT AND GITHUB</span></strong></div>\r\n<div class="_2cuy _3dgx _2vxa"> </div>\r\n<div class="_2cuy _3dgx _2vxa">27. <a href="http://l.facebook.com/l.php?u=http://gitimmersion.com/&h=fAQHTa7WR&s=1" target="_blank" rel="nofollow">http://gitimmersion.com/</a> A guided tour to teach you the basics of Git.</div>\r\n<div class="_2cuy _3dgx _2vxa"> </div>\r\n<div class="_2cuy _3dgx _2vxa">28. <a href="https://www.facebook.com/l.php?u=https://try.github.io/&h=PAQEYWmPk&s=1" target="_blank" rel="nofollow">https://try.github.io/</a> Got 15 minutes and want to learn Git</div>\r\n<div class="_2cuy _3dgx _2vxa"> </div>\r\n<div class="_2cuy _3dgx _2vxa"> </div>\r\n<div class="_2cuy _3dgx _2vxa"><strong><span class="_5yi-">HTML AND CSS</span></strong></div>\r\n<div class="_2cuy _3dgx _2vxa"> </div>\r\n<div class="_2cuy _3dgx _2vxa">29. <a href="http://l.facebook.com/l.php?u=http://www.htmldog.com/&h=sAQFXuS8y&s=1" target="_blank" rel="nofollow">http://www.htmldog.com/</a> The web designer’s resource for everything HTML, CSS, and JavaScript</div>\r\n<div class="_2cuy _3dgx _2vxa"> </div>\r\n<div class="_2cuy _3dgx _2vxa">30. <a href="http://l.facebook.com/l.php?u=http://marksheet.io/&h=VAQHDJotu&s=1" target="_blank" rel="nofollow">http://marksheet.io/</a> Free HTML and CSS tutorial</div>\r\n<div class="_2cuy _3dgx _2vxa"> </div>\r\n<div class="_2cuy _3dgx _2vxa">31. <a href="https://www.facebook.com/l.php?u=https://developer.mozilla.org/en-US/&h=5AQE5IeMG&s=1" target="_blank" rel="nofollow">https://developer.mozilla.org/en-US...</a> Shared knowledge for the Open Web</div>\r\n<div class="_2cuy _3dgx _2vxa"> </div>\r\n<div class="_2cuy _3dgx _2vxa"> </div>\r\n<div class="_2cuy _3dgx _2vxa"><strong><span class="_5yi-">JAVASCRIPT</span></strong></div>\r\n<div class="_2cuy _3dgx _2vxa"> </div>\r\n<div class="_2cuy _3dgx _2vxa">32. <a href="http://l.facebook.com/l.php?u=http://eloquentjavascript.net/&h=KAQHesfre&s=1" target="_blank" rel="nofollow">http://eloquentjavascript.net/</a> This is a book about JavaScript, programming, and the wonders of the digital.</div>\r\n<div class="_2cuy _3dgx _2vxa"> </div>\r\n<div class="_2cuy _3dgx _2vxa">33. <a href="https://www.facebook.com/l.php?u=https://www.javascript.com/&h=0AQFi4d3T&s=1" target="_blank" rel="nofollow">https://www.javascript.com/</a> Ready to try JavaScript?</div>\r\n<div class="_2cuy _3dgx _2vxa"> </div>\r\n<div class="_2cuy _3dgx _2vxa">34. <a href="http://l.facebook.com/l.php?u=http://jsforcats.com/&h=pAQHu0KVj&s=1" target="_blank" rel="nofollow">http://jsforcats.com/</a> JavaScript is a programming language or, in other words</div>\r\n<div class="_2cuy _3dgx _2vxa"> </div>\r\n<div class="_2cuy _3dgx _2vxa">35. <a href="http://l.facebook.com/l.php?u=http://www.learn-js.org/&h=GAQGWW3yA&s=1" target="_blank" rel="nofollow">http://www.learn-js.org/</a> Interactive JavaScript tutorial. 36. <a href="https://www.facebook.com/l.php?u=https://addyosmani.com/resources/essentialjsdesignpatterns/book/&h=IAQF4BLRZ&s=1" target="_blank" rel="nofollow">https://addyosmani.com/resources/es...</a> Learning JavaScript Design Patterns 37. <a href="http://l.facebook.com/l.php?u=http://bonsaiden.github.io/JavaScript-Garden/&h=AAQEOIpmv&s=1" target="_blank" rel="nofollow">http://bonsaiden.github.io/JavaScri...</a> JavaScript Garden is a growing collection of documentation about the most quirky parts of the JavaScript programming language.</div>\r\n<div class="_2cuy _3dgx _2vxa"> </div>\r\n<div class="_2cuy _3dgx _2vxa"> </div>\r\n<div class="_2cuy _3dgx _2vxa"><strong><span class="_5yi-">WORDPRESS</span></strong></div>\r\n<div class="_2cuy _3dgx _2vxa"> </div>\r\n<div class="_2cuy _3dgx _2vxa">38. <a href="http://l.facebook.com/l.php?u=http://wordpress.tv/&h=aAQEpqB9V&s=1" target="_blank" rel="nofollow">http://wordpress.tv/</a> Recordings of live WordCamp lectures around the world</div>\r\n<div class="_2cuy _3dgx _2vxa"> </div>\r\n<div class="_2cuy _3dgx _2vxa">39. <a href="http://l.facebook.com/l.php?u=http://www.wpbeginner.com/&h=lAQFlx0KM&s=1" target="_blank" rel="nofollow">http://www.wpbeginner.com/</a> Website for beginner WP users</div>\r\n<div class="_2cuy _3dgx _2vxa"> </div>\r\n<div class="_2cuy _3dgx _2vxa"> </div>\r\n<div class="_2cuy _3dgx _2vxa"><span class="_5yi-"><strong>PYTHON</strong></span></div>\r\n<div class="_2cuy _3dgx _2vxa"> </div>\r\n<div class="_2cuy _3dgx _2vxa">40. <a href="http://l.facebook.com/l.php?u=http://pythn.swaroopch.com/&h=IAQF4BLRZ&s=1" target="_blank" rel="nofollow">http://pythn.swaroopch.com/</a> free book on programming using the Python language</div>\r\n<div class="_2cuy _3dgx _2vxa"> </div>\r\n<div class="_2cuy _3dgx _2vxa">41. <a href="http://l.facebook.com/l.php?u=http://www.learnpython.org/&h=9AQFBLfdI&s=1" target="_blank" rel="nofollow">http://www.learnpython.org/</a> Interactive Python tutorial</div>\r\n<div class="_2cuy _3dgx _2vxa"> </div>\r\n<div class="_2cuy _3dgx _2vxa">42. <a href="http://l.facebook.com/l.php?u=http://learnpythonthehardway.org/book/&h=aAQEpqB9V&s=1" target="_blank" rel="nofollow">http://learnpythonthehardway.org/bo...</a> free Python tutorial</div>\r\n<div class="_2cuy _3dgx _2vxa"> </div>\r\n<div class="_2cuy _3dgx _2vxa"> </div>\r\n<div class="_2cuy _3dgx _2vxa"><strong><span class="_5yi-">RUBY</span></strong></div>\r\n<div class="_2cuy _3dgx _2vxa"> </div>\r\n<div class="_2cuy _3dgx _2vxa">43. <a href="http://l.facebook.com/l.php?u=http://learnrubythehardway.org/&h=ZAQHSFdXM&s=1" target="_blank" rel="nofollow">http://learnrubythehardway.org/</a> Free HTML version of the book ruby online</div>\r\n<div class="_2cuy _3dgx _2vxa"> </div>\r\n<div class="_2cuy _3dgx _2vxa">44. <a href="http://l.facebook.com/l.php?u=http://railsforzombies.org/&h=cAQH9OI3p&s=1" target="_blank" rel="nofollow">http://railsforzombies.org/</a> learn rails the zombie way</div>\r\n<div class="_2cuy _3dgx _2vxa"> </div>\r\n<div class="_2cuy _3dgx _2vxa">45. <a href="https://www.facebook.com/l.php?u=https://www.railstutorial.org/book&h=qAQFtOYqy&s=1" target="_blank" rel="nofollow">https://www.railstutorial.org/book</a> Learn Web Development with Rails</div>\r\n<div class="_2cuy _3dgx _2vxa"> </div>\r\n<div class="_2cuy _3dgx _2vxa">46. <a href="https://www.facebook.com/l.php?u=https://rubymonk.com/&h=EAQEysgJJ&s=1" target="_blank" rel="nofollow">https://rubymonk.com/</a> Free, interactive tutorials to help you discover Ruby idioms, in your browser!</div>\r\n<div class="_2cuy _3dgx _2vxa"> </div>\r\n<div class="_2cuy _3dgx _2vxa">47. <a href="http://l.facebook.com/l.php?u=http://tryruby.org/&h=sAQFXuS8y&s=1" target="_blank" rel="nofollow">http://tryruby.org/</a> Got 15 minutes? Give Ruby a shot right now!</div>\r\n<div class="_2cuy _3dgx _2vxa"> </div>\r\n<div class="_2cuy _3dgx _2vxa"> </div>\r\n<div class="_2cuy _3dgx _2vxa"><span class="_5yi-"><strong>NodeJS</strong></span></div>\r\n<div class="_2cuy _3dgx _2vxa"> </div>\r\n<div class="_2cuy _3dgx _2vxa">48. <a href="https://www.facebook.com/l.php?u=https://www.airpair.com/javascript/node-js-tutorial&h=uAQFBpPdy&s=1" target="_blank" rel="nofollow">https://www.airpair.com/javascript/...</a> NodeJS Tutorial by air pair</div>\r\n<div class="_2cuy _3dgx _2vxa"> </div>\r\n<div class="_2cuy _3dgx _2vxa">49. <a href="https://www.facebook.com/l.php?u=https://leanpub.com/nodebeginner&h=bAQHNTc4Z&s=1" target="_blank" rel="nofollow">https://leanpub.com/nodebeginner</a> The Node Beginner Book</div>\r\n<div class="_2cuy _3dgx _2vxa"> </div>\r\n<div class="_2cuy _3dgx _2vxa">50. <a href="https://www.facebook.com/l.php?u=https://leanpub.com/hands-on-nodejs&h=IAQF4BLRZ&s=1" target="_blank" rel="nofollow">https://leanpub.com/hands-on-nodejs</a> The Node hands-on ebooks</div>\r\n<div class="_2cuy _3dgx _2vxa"> </div>\r\n<div class="_2cuy _3dgx _2vxa">51. <a href="https://www.facebook.com/l.php?u=https://ilovecoding.org/playlists/learn-node-js-in-a-week&h=sAQFXuS8y&s=1" target="_blank" rel="nofollow">https://ilovecoding.org/playlists/l...</a> Learn Node JS in a Week</div>\r\n<div class="_2cuy _3dgx _2vxa"> </div>\r\n<div class="_2cuy _3dgx _2vxa">52. <a href="https://www.facebook.com/l.php?u=https://github.com/visionmedia/masteringnode&h=WAQEkqk-E&s=1" target="_blank" rel="nofollow">https://github.com/visionmedia/mast...</a> Open source eBook for nodejs - written w/ markdown,</div>\r\n<div class="_2cuy _3dgx _2vxa"> </div>\r\n<div class="_2cuy _3dgx _2vxa">53. <a href="http://l.facebook.com/l.php?u=http://www.devthought.com/&h=HAQH2RIr8&s=1" target="_blank" rel="nofollow">http://www.devthought.com/</a> The modular approach to testing</div>\r\n<div class="_2cuy _3dgx _2vxa"> </div>\r\n<div class="_2cuy _3dgx _2vxa">54. <a href="https://www.facebook.com/l.php?u=https://howtonode.org/&h=XAQHbOhSs&s=1" target="_blank" rel="nofollow">https://howtonode.org/</a> The zen of coding in node.</div>\r\n<div class="_2cuy _3dgx _2vxa"> </div>\r\n<div class="_2cuy _3dgx _2vxa">55. <a href="https://www.facebook.com/l.php?u=https://nodejs.org/en/blog/&h=fAQHTa7WR&s=1" target="_blank" rel="nofollow">https://nodejs.org/en/blog/</a> Nodejs Officials Blog</div>\r\n<div class="_2cuy _3dgx _2vxa"> </div>\r\n<div class="_2cuy _3dgx _2vxa">56. <a href="https://www.facebook.com/l.php?u=https://www.youtube.com/watch?v=F6k8lTrAE2g&h=QAQFrhRGm&s=1" target="_blank" rel="nofollow">https://www.youtube.com/watch?v=F6k...</a> Javascript on server</div>\r\n<div class="_2cuy _3dgx _2vxa"> </div>\r\n<div class="_2cuy _3dgx _2vxa">57. <a href="https://www.facebook.com/l.php?u=https://www.youtube.com/watch?v=0_GNHWZHc-o&h=MAQFGUnaR&s=1" target="_blank" rel="nofollow">https://www.youtube.com/watch?v=0_G...</a> Node meet mongodb</div>\r\n<div class="_2cuy _3dgx _2vxa"> </div>\r\n<div class="_2cuy _3dgx _2vxa">58. <a href="https://www.facebook.com/l.php?u=https://www.lynda.com/Nodejs-tutorials/Nodejs-First-Look/101554-2.html&h=sAQFXuS8y&s=1" target="_blank" rel="nofollow">https://www.lynda.com/Nodejs-tutori...</a> Linda Nodejs for beginner</div>\r\n<div class="_2cuy _3dgx _2vxa"> </div>\r\n<div class="_2cuy _3dgx _2vxa">59. <a href="https://www.facebook.com/l.php?u=https://www.youtube.com/watch?v=jo_B4LTHi3I&h=HAQH2RIr8&s=1" target="_blank" rel="nofollow">https://www.youtube.com/watch?v=jo_...</a> Introduction to Node.js with Ryan Dahl</div>\r\n<div class="_2cuy _3dgx _2vxa"> </div>\r\n<div class="_2cuy _3dgx _2vxa">60. <a href="http://l.facebook.com/l.php?u=http://nodetuts.com/&h=0AQFi4d3T&s=1" target="_blank" rel="nofollow">http://nodetuts.com/</a> Complete list of nodejs Tutorial</div>\r\n<div class="_2cuy _3dgx _2vxa"> </div>\r\n<div class="_2cuy _3dgx _2vxa">61. <a href="http://l.facebook.com/l.php?u=http://nodeguide.com/&h=EAQEysgJJ&s=1" target="_blank" rel="nofollow">http://nodeguide.com/</a> Simple nodejs guide</div>\r\n<div class="_2cuy _3dgx _2vxa"> </div>\r\n<div class="_2cuy _3dgx _2vxa">62. <a href="http://l.facebook.com/l.php?u=http://www.nodebeginner.org/#hello-world&h=gAQFp1GI0&s=1" target="_blank" rel="nofollow">http://www.nodebeginner.org/#hello-...</a> Let''s just jump in the cold water and write our first Node.js</div>\r\n<div class="_2cuy _3dgx _2vxa"> </div>\r\n<div class="_2cuy _3dgx _2vxa">63. <a href="http://l.facebook.com/l.php?u=http://nodeschool.io/&h=qAQFtOYqy&s=1" target="_blank" rel="nofollow"><span class="_we">http://nodeschool.io/</span></a> Open source workshops that teach web software skills. <span class="_5yi-">PHP</span></div>\r\n<div class="_2cuy _3dgx _2vxa"> </div>\r\n<div class="_2cuy _3dgx _2vxa">64. <a href="http://l.facebook.com/l.php?u=http://www.tizag.com/phpT/&h=lAQFlx0KM&s=1" target="_blank" rel="nofollow">http://www.tizag.com/phpT/</a> If you want to learn the basics of PHP, then you''ve come to the right place.</div>\r\n<div class="_2cuy _3dgx _2vxa"> </div>\r\n<div class="_2cuy _3dgx _2vxa">65. <a href="http://l.facebook.com/l.php?u=http://devzone.zend.com/6/php-101-php-for-the-absolute-beginner/&h=MAQFGUnaR&s=1" target="_blank" rel="nofollow">http://devzone.zend.com/6/php-101-p...</a> PHP 101: PHP For the Absolute Beginner</div>\r\n<div class="_2cuy _3dgx _2vxa"> </div>\r\n<div class="_2cuy _3dgx _2vxa">66. <a href="http://l.facebook.com/l.php?u=http://www.killerphp.com/tutorials/object-oriented-php/&h=5AQE5IeMG&s=1" target="_blank" rel="nofollow">http://www.killerphp.com/tutorials/...</a> Object Oriented PHP for Beginners</div>\r\n<div class="_2cuy _3dgx _2vxa"> </div>\r\n<div class="_2cuy _3dgx _2vxa">67. <a href="http://l.facebook.com/l.php?u=http://www.hackingwithphp.com/&h=nAQEJHD1S&s=1" target="_blank" rel="nofollow">http://www.hackingwithphp.com/</a> PHP In complete list</div>\r\n<div class="_2cuy _3dgx _2vxa"> </div>\r\n<div class="_2cuy _3dgx _2vxa">68. <a href="http://l.facebook.com/l.php?u=http://www.learnphptutorial.com/&h=iAQG7kirH&s=1" target="_blank" rel="nofollow">http://www.learnphptutorial.com/</a> The fastest way to learn PHP, Guaranteed!</div>\r\n<div class="_2cuy _3dgx _2vxa"> </div>\r\n<div class="_2cuy _3dgx _2vxa">69. <a href="http://l.facebook.com/l.php?u=http://www.w3schools.com/php/default.asp&h=UAQGa0yVu&s=1" target="_blank" rel="nofollow">http://www.w3schools.com/php/defaul...</a> No Comments !</div>\r\n<div class="_2cuy _3dgx _2vxa"> </div>\r\n<div class="_2cuy _3dgx _2vxa">70. <a href="https://www.facebook.com/l.php?u=https://teamtreehouse.com/library/build-a-basic-php-website&h=4AQGMSh88&s=1" target="_blank" rel="nofollow">https://teamtreehouse.com/library/b...</a> This project will show you how to build a simple website using the PHP programming language.</div>\r\n<div class="_2cuy _3dgx _2vxa"> </div>\r\n<div class="_2cuy _3dgx _2vxa">71. <a href="http://l.facebook.com/l.php?u=http://www.phpbuddy.com/&h=RAQGYhAoN&s=1" target="_blank" rel="nofollow">http://www.phpbuddy.com/</a> esigned to help you learn PHP programming here you will find high quality PHP articles</div>\r\n<div class="_2cuy _3dgx _2vxa"> </div>\r\n<div class="_2cuy _3dgx _2vxa"> </div>\r\n<div class="_2cuy _3dgx _2vxa"><span class="_5yi-"><strong>ANDROID</strong></span></div>\r\n<div class="_2cuy _3dgx _2vxa"> </div>\r\n<div class="_2cuy _3dgx _2vxa">72. <a href="https://www.facebook.com/l.php?u=https://developer.android.com/training/index.html&h=VAQHDJotu&s=1" target="_blank" rel="nofollow">https://developer.android.com/train...</a> Official android website</div>\r\n<div class="_2cuy _3dgx _2vxa"> </div>\r\n<div class="_2cuy _3dgx _2vxa">72. <a href="http://l.facebook.com/l.php?u=http://www.technotalkative.com/android/&h=iAQG7kirH&s=1" target="_blank" rel="nofollow">http://www.technotalkative.com/andr...</a> Lazy Android Developers: Be productive series</div>\r\n<div class="_2cuy _3dgx _2vxa"> </div>\r\n<div class="_2cuy _3dgx _2vxa">73. <a href="https://www.facebook.com/l.php?u=https://newcircle.com/s/post/1017/android_bootcamp_series_2012_video_tutorial&h=QAQFrhRGm&s=1" target="_blank" rel="nofollow">https://newcircle.com/s/post/1017/a...</a> Android Bootcamp Series 2012 Video Tutorials</div>\r\n<div class="_2cuy _3dgx _2vxa"> </div>\r\n<div class="_2cuy _3dgx _2vxa">74. <a href="https://www.facebook.com/l.php?u=https://www.lynda.com/Mobile-training-tutorials/55-0.html&h=_AQHC4aDe&s=1" target="_blank" rel="nofollow">https://www.lynda.com/Mobile-traini...</a> Linda mobile tutorial video series</div>\r\n<div class="_2cuy _3dgx _2vxa"> </div>\r\n<div class="_2cuy _3dgx _2vxa">75. <a href="http://l.facebook.com/l.php?u=http://code.tutsplus.com/categories/android&h=BAQHimf_K&s=1" target="_blank" rel="nofollow">http://code.tutsplus.com/categories...</a> Tutplus adnroid video series</div>\r\n<div class="_2cuy _3dgx _2vxa"> </div>\r\n<div class="_2cuy _3dgx _2vxa">76. <a href="https://www.facebook.com/l.php?u=https://www.udacity.com/course/android-development-for-beginners--ud837&h=kAQG5HvV7&s=1" target="_blank" rel="nofollow">https://www.udacity.com/course/andr...</a> Learn the basics of Android and Java programming, and take the first step on your journey to becoming an Android developer!</div>\r\n<div class="_2cuy _3dgx _2vxa"> </div>\r\n<div class="_2cuy _3dgx _2vxa">77. <a href="https://www.facebook.com/l.php?u=https://www.udacity.com/course/developing-android-apps--ud853&h=jAQGapZ_3&s=1" target="_blank" rel="nofollow">https://www.udacity.com/course/deve...</a> Developing Android Apps medium series</div>\r\n<div class="_2cuy _3dgx _2vxa"> </div>\r\n<div class="_2cuy _3dgx _2vxa">78. <a href="https://www.facebook.com/l.php?u=https://www.udacity.com/course/advanced-android-app-development--ud855&h=pAQHu0KVj&s=1" target="_blank" rel="nofollow">https://www.udacity.com/course/adva...</a> Advanced Android App Development <span class="_5yi-">Dicoding</span></div>\r\n<div class="_2cuy _3dgx _2vxa"> </div>\r\n<div class="_2cuy _3dgx _2vxa">79. <a href="https://www.facebook.com/l.php?u=https://www.dicoding.com/academies&h=NAQGr1FFS&enc=AZNvIH4RHuW4O_zfGjDVc4LG6CWttXA8GviincrRx-L1-vOQVaxDZaRyky3HApi5qcszarO-1pxxCMJ0T0j0_weWGGWpaSPYr7WIqj1OhtUIKw&s=1" target="_blank" rel="nofollow">https://www.dicoding.com/academies</a> Belajar membuat aplikasi dengan bimbingan developer terbaik Indonesia dan kurikulum perusahaan teknologi dunia. <span class="_5yi-">Less CSS</span></div>\r\n<div class="_2cuy _3dgx _2vxa"> </div>\r\n<div class="_2cuy _3dgx _2vxa">80. <a href="http://l.facebook.com/l.php?u=http://lesscss.org/#getting-started&h=MAQFGUnaR&s=1" target="_blank" rel="nofollow">http://lesscss.org/#getting-started</a> Less official website</div>\r\n<div class="_2cuy _3dgx _2vxa"> </div>\r\n<div class="_2cuy _3dgx _2vxa">81. <a href="http://l.facebook.com/l.php?u=http://tutorialzine.com/2015/07/learn-less-in-10-minutes-or-less/&h=DAQHU3eyL&s=1" target="_blank" rel="nofollow">http://tutorialzine.com/2015/07/lea...</a> Learn LESS in 10 Minutes (or Less)</div>\r\n<div class="_2cuy _3dgx _2vxa"> </div>\r\n<div class="_2cuy _3dgx _2vxa">82. <a href="http://l.facebook.com/l.php?u=http://www.cssauthor.com/less-tutorials/&h=AAQEOIpmv&s=1" target="_blank" rel="nofollow">http://www.cssauthor.com/less-tutor...</a> A Comprehensive Guide To</div>\r\n<div class="_2cuy _3dgx _2vxa"> </div>\r\n<div class="_2cuy _3dgx _2vxa"><strong>LESS</strong></div>\r\n<div class="_2cuy _3dgx _2vxa"> </div>\r\n<div class="_2cuy _3dgx _2vxa">83. <a href="http://l.facebook.com/l.php?u=http://www.helloerik.com/bootstrap-3-less-workflow-tutorial&h=zAQHvknRM&s=1" target="_blank" rel="nofollow">http://www.helloerik.com/bootstrap-...</a> Bootstrap 3 Less Workflow Tutorial</div>\r\n<div class="_2cuy _3dgx _2vxa"> </div>\r\n<div class="_2cuy _3dgx _2vxa">84. <a href="https://www.facebook.com/l.php?u=https://www.youtube.com/playlist?list=PL6gx4Cwl9DGCshbAx1JpBtNoKh8iKAAiy&h=DAQHU3eyL&s=1" target="_blank" rel="nofollow">https://www.youtube.com/playlist?li...</a> Newbost Less Video Series</div>\r\n<div class="_2cuy _3dgx _2vxa"> </div>\r\n<div class="_2cuy _3dgx _2vxa">85. <a href="https://www.facebook.com/l.php?u=https://www.youtube.com/playlist?list=PL7Nsf0xx8TRVbYxhBSM37VPjXA7gr463m&h=oAQGjXRA2&s=1" target="_blank" rel="nofollow">https://www.youtube.com/playlist?li...</a> Customizing Bootstrap 3 with LESS Full Series</div>\r\n<div class="_2cuy _3dgx _2vxa"> </div>\r\n<div class="_2cuy _3dgx _2vxa">86. <a href="https://www.facebook.com/l.php?u=https://www.youtube.com/playlist?list=PLLa1ZAmCB2zjEZ4QNLDi4173_xIGeV6nC&h=YAQHvtYNX&s=1" target="_blank" rel="nofollow">https://www.youtube.com/playlist?li...</a> LESS CSS - Tutorials for Beginners</div>\r\n<div class="_2cuy _3dgx _2vxa"> </div>\r\n<div class="_2cuy _3dgx _2vxa"> </div>\r\n<div class="_2cuy _3dgx _2vxa"><strong><span class="_5yi-">Gulp Frontend Tools</span></strong></div>\r\n<div class="_2cuy _3dgx _2vxa"> </div>\r\n<div class="_2cuy _3dgx _2vxa">87. <a href="https://www.facebook.com/l.php?u=https://css-tricks.com/gulp-for-beginners/&h=ZAQHSFdXM&s=1" target="_blank" rel="nofollow">https://css-tricks.com/gulp-for-beg...</a> Gulp for Beginners</div>\r\n<div class="_2cuy _3dgx _2vxa"> </div>\r\n<div class="_2cuy _3dgx _2vxa">88. <a href="https://www.facebook.com/l.php?u=https://scotch.io/tutorials/automate-your-tasks-easily-with-gulp-js&h=dAQEWWwL7&s=1" target="_blank" rel="nofollow">https://scotch.io/tutorials/automat...</a> Automate Your Tasks Easily with Gulp.js</div>\r\n<div class="_2cuy _3dgx _2vxa"> </div>\r\n<div class="_2cuy _3dgx _2vxa">89. <a href="https://www.facebook.com/l.php?u=https://www.sitepoint.com/introduction-gulp-js/&h=AAQEOIpmv&s=1" target="_blank" rel="nofollow">https://www.sitepoint.com/introduct...</a> An Introduction to Gulp.js by sitepoint</div>\r\n<div class="_2cuy _3dgx _2vxa"> </div>\r\n<div class="_2cuy _3dgx _2vxa">90. <a href="http://l.facebook.com/l.php?u=http://engineroom.teamwork.com/10-things-to-know-about-gulp/&h=zAQHvknRM&s=1" target="_blank" rel="nofollow">http://engineroom.teamwork.com/10-t...</a> Medium advance gulp introduction</div>\r\n<div class="_2cuy _3dgx _2vxa"> </div>\r\n<div class="_2cuy _3dgx _2vxa">91. <a href="http://l.facebook.com/l.php?u=http://andy-carter.com/blog/a-beginners-guide-to-the-task-runner-gulp&h=kAQG5HvV7&s=1" target="_blank" rel="nofollow">http://andy-carter.com/blog/a-begin...</a> A Beginners Guide to the Task Runner Gulp</div>\r\n<div class="_2cuy _3dgx _2vxa"> </div>\r\n<div class="_2cuy _3dgx _2vxa">92. <a href="https://www.facebook.com/l.php?u=https://www.smashingmagazine.com/2014/06/building-with-gulp/&h=OAQGtu6SK&s=1" target="_blank" rel="nofollow">https://www.smashingmagazine.com/20...</a> Step by step gulp automation</div>\r\n<div class="_2cuy _3dgx _2vxa"> </div>\r\n<div class="_2cuy _3dgx _2vxa">93. <a href="https://www.facebook.com/l.php?u=https://markgoodyear.com/2014/01/getting-started-with-gulp/&h=CAQG4Ev_s&s=1" target="_blank" rel="nofollow">https://markgoodyear.com/2014/01/ge...</a> Gulp basic tutorial</div>\r\n<div class="_2cuy _3dgx _2vxa"><span class="_5yi-">Sekolah Koding</span></div>\r\n<div class="_2cuy _3dgx _2vxa"> </div>\r\n<div class="_2cuy _3dgx _2vxa">94. <a href="https://www.facebook.com/l.php?u=https://www.sekolahkoding.com/&h=_AQHC4aDe&s=1" target="_blank" rel="nofollow">https://www.sekolahkoding.com/</a> Belajar programming dan web development</div>\r\n<div class="_2cuy _3dgx _2vxa"> </div>\r\n<div class="_2cuy _3dgx _2vxa">95. <a href="https://www.facebook.com/l.php?u=https://codesaya.com/&h=8AQHWYD4P&s=1" target="_blank" rel="nofollow">https://codesaya.com/</a> Belajar coding dengan menyenangkan dan interaktif</div>\r\n<div class="_2cuy _3dgx _2vxa"> </div>\r\n<div class="_2cuy _3dgx _2vxa"> </div>\r\n<div class="_2cuy _3dgx _2vxa">Sumber : <a href="https://www.facebook.com/notes/zam-r/small-url-list-to-learn-programming-for-free/189874314747170">https://www.facebook.com/notes/zam-r/small-url-list-to-learn-programming-for-free/189874314747170</a></div>', 'uploads/image/ilmu/Screenshot_624.png', 91, 'uploads/thumbnail/ilmu/Screenshot_624_thumb.png', 1, 1, 'small-url-list-to-learn-programming-for-free'),
(21, '2016-06-19 10:01:54', 16, 'test', '<p>dw</p>', '', 4, '', 2, 1, 'test');
INSERT INTO `tbl_ilmu` (`ilmu_id`, `tgl_input`, `user_id`, `judul`, `deskripsi`, `gambar`, `viewer`, `thumbnail`, `ilmustatus_id`, `statuspublish_id`, `url_ilmu`) VALUES
(22, '2016-06-19 14:42:55', 8, 'Kisah Si Budi , Siswa berprestasi yang berakhir di bui', '<div class="_2cuy _3dgx _2vxa">Kisah ini mudah mudahan menjadi early warning untuk para ibu yang mempunyai anak usia remaja.</div>\r\n<div class="_2cuy _3dgx _2vxa">Budi tidak terlahir dari keluarga yang bermasalah, dia menjalani masa kecilnya dengan penuh kebahagian. Semua kebutuhan utamanya tercukupi, fasilitas pendidikan yang memadai, dan ajaran nilai nilai agama mewarnai keseharianya.</div>\r\n<div class="_2cuy _3dgx _2vxa"> </div>\r\n<div class="_2cuy _3dgx _2vxa">Budi tumbuh sebagai seorang yang pemuda yang cerdas dan terampil. Segudang prestasi pernah dia dapatkan sewaktu mengenyam pendidikan di sekolah menengah. Mulai Juara umum di sekolahnya hingga terpilih menjadi salah satu siswa berprestasi tingkat nasional di tahun 2000-an.</div>\r\n<div class="_2cuy _3dgx _2vxa">Dengan background akademik yang hampir sempurna, bukan hal yang susah bagi Budi untuk diterima di sebuah perguruan tinggi ternama di Indonesia. Tidak ada perubahan yang berarti di kehidupan Budi, dia masih sebagai pribadi yang cerdas, cekatan dan terkenal taat beribadah di kalangan teman sekelasnya.</div>\r\n<div class="_2cuy _3dgx _2vxa"> </div>\r\n<div class="_2cuy _3dgx _2vxa">Awal Tragedi Bermula saat Budi menduduki semester 5, beberapa teman sekampus Budi adalah pengguna narkoba. Pernah sesekali ''gerombolan'' ini mencoba menawarkan untuk menggunakan narkoba, namun budi berhasil menolaknya secara baik baik. Budi tidak terpengaruh dengan ejekan ''tidak gaul'', tidak keren, kolot dll.</div>\r\n<div class="_2cuy _3dgx _2vxa"> </div>\r\n<div class="_2cuy _3dgx _2vxa">Sebagai ABG normal, Budi mulai mengenal apa yang disebut CINTA. Singkat cerita, dimulailah kisah asmaranya bersama Nurma, seorang bintang cantik di kelasnya. Hadirnya sang kekasih, menambah semangat belajarnya, Budi mendapatkan nilai IPK tertinggi di kampusnya.</div>\r\n<div class="_2cuy _3dgx _2vxa"> </div>\r\n<div class="_2cuy _3dgx _2vxa">Namun tanpa sepengetahuan Budi, Nurma adalah pernah bergabung dalam gerombolan'' pencandu narkoba, dia pandai menutupi semua ini di depan Budi. Hingga suatu waktu, Budi dan Nurma mengalami pertengkaran. Hubungan keduanya mulai merenggang. Nurma kembali kembali ke masa lalunya dan kembali bersahabat dengan gerombolan masa lalunya.</div>\r\n<div class="_2cuy _3dgx _2vxa"> </div>\r\n<div class="_2cuy _3dgx _2vxa">Terbakar oleh api cemburu, Budi berpikir seribu cara bagaimana mendapatkan kembali cinta pujaan hatinya. Budi mulai terpengaruh, dia beranggapan mungkin saja dengan memakai narkoba, akan mengembalikan cinta sang pujaan hati. Dia berpikir, memakai narkoba akan terlibat lebih gaul dan keren di mata Nurma. Akhirnya Budi mulai mencoba barang haram ini, dimulai dengan coba coba, akhirnya budi menjadi pecandu sejati.</div>\r\n<div class="_2cuy _3dgx _2vxa"> </div>\r\n<div class="_2cuy _3dgx _2vxa">Tertangkap Polisi Entah berapa banyak uang saku, uang bayaran kuliah dipakainya untuk memenuhi kebutuhan kecanduanya. Hingga semester akhir, Budi belum terlepas dari narkoba. Kebutuhan narkoba yang semakin meningkat mambawanya menjadi pengedar diantara teman temanya.</div>\r\n<div class="_2cuy _3dgx _2vxa">Dan akibatnya ....</div>\r\n<div class="_2cuy _3dgx _2vxa"> </div>\r\n<div class="_2cuy _3dgx _2vxa">Bukan main terkejut kedua orangtuanya, ketika budi dijemput paksa oleh serombongan polisi. Betapa malunya mereka, Budi seorang yang cerdas,berbakit, rajin beribadah, di ‘grebek’ polisi karena mengedarkan narkoba. Bagaimana menjelaskan ini ke tetangga sekitar dan keluarga besar mereka. Tamparan besar buat kedua orang tua Budi, Ayah budi sangat tertekan, dan akhirnya jatuh sakit hingga meninggal saat 1 tahun Budi berada di dalam sel tahanan.</div>\r\n<div class="_2cuy _3dgx _2vxa">Ibu budi terpaksa menjual semua aset keluarga, mulai dari mobil, rumah, dan tabungan telah habis untuk membiayai kelangsungan hidup anak anaknya. Dan Si Budi, banyak hal yang harus dia relakan. Segudang prestasi di masa lalunya, musnah dengan sia sia. Pupuslah harapan budi untuk menjadi mahasiswa terbaik, beasiswa keluar negeri dan karir yang cemerlang.</div>\r\n<div class="_2cuy _3dgx _2vxa"> </div>\r\n<div class="_2cuy _3dgx _2vxa"> </div>\r\n<div class="_2cuy _3dgx _2vxa">-------------------------------------------------------------------</div>\r\n<div class="_2cuy _3dgx _2vxa"> </div>\r\n<div class="_2cuy _3dgx _2vxa">Pesan moral kepada bapak/ibu yang mempunyai putra yang menginjak dewasa.</div>\r\n<div class="_2cuy _3dgx _2vxa"> </div>\r\n<div class="_2cuy _3dgx _2vxa">- Ternyata belaian kasih sayang dan fasilitas belum menjamin anak anda terjebak lingkaran narkoba</div>\r\n<div class="_2cuy _3dgx _2vxa"> </div>\r\n<div class="_2cuy _3dgx _2vxa">- Lakukan deteksi awal, jangan pernah beranggapan bahwa semua baik baik saja, serangan narkoba bisa masuk dari segala lini</div>\r\n<div class="_2cuy _3dgx _2vxa"> </div>\r\n<div class="_2cuy _3dgx _2vxa">- Narkoba tidak hanya menyerang anak berandalan, penuh tato, suka kebut kebutan. Bisa saja menyerang anak ibu yang terlihat baik, pintar dan berbakti kepada orang tua. - Tumbuhkan komunikasi dua arah, raih hati mereka, seringlah ajak berdikusi bahkan ke masalah pribadi mereka</div>\r\n<div class="_2cuy _3dgx _2vxa"> </div>\r\n<div class="_2cuy _3dgx _2vxa">- Posisikan ibu sebagai sahabat di mata mereka</div>\r\n<div class="_2cuy _3dgx _2vxa"> </div>\r\n<div class="_2cuy _3dgx _2vxa">- Pelajari gejala awal pecandu narkoba</div>\r\n<div class="_2cuy _3dgx _2vxa">Secara medis sifat adiksi ketergantungan narkoba, menyebabkan gangguan pada otak yang menimbulkan perubahan perilaku, pikiran dan perasaan. Inilah yang menyebabkan gangguan pada otak dan menimbulkan perubahan perilaku pada diri pengguna Narkoba. Efeknya jelas menyebabkan disorientasi waktu dan ruang, juga mispersepsi serta misinterpretasi (paranoid, ilusi dan halusinasi). Tanda tanda awal anak mulai terkena pengaruh narkoba</div>\r\n<div class="_2cuy _3dgx _2vxa"> </div>\r\n<div class="_2cuy _3dgx _2vxa">- sering terlihat terlihat mengantuk di sembarang waktu dan tempat</div>\r\n<div class="_2cuy _3dgx _2vxa"> </div>\r\n<div class="_2cuy _3dgx _2vxa">- mudah tersinggung</div>\r\n<div class="_2cuy _3dgx _2vxa"> </div>\r\n<div class="_2cuy _3dgx _2vxa">- kadang bicara ngelantur, bahkan bicara ''pelo''</div>\r\n<div class="_2cuy _3dgx _2vxa"> </div>\r\n<div class="_2cuy _3dgx _2vxa">- mulai malas untuk belajar - mulai tak disiplin</div>\r\n<div class="_2cuy _3dgx _2vxa"> </div>\r\n<div class="_2cuy _3dgx _2vxa">- sering bengong / linglung</div>\r\n<div class="_2cuy _3dgx _2vxa"> </div>\r\n<div class="_2cuy _3dgx _2vxa">- sulit berkonsentrasi - mengabaikan kebersihan diri</div>\r\n<div class="_2cuy _3dgx _2vxa"> </div>\r\n<div class="_2cuy _3dgx _2vxa">- sering kedapatan berbohong, terutama soal uang</div>\r\n<div class="_2cuy _3dgx _2vxa"> </div>\r\n<div class="_2cuy _3dgx _2vxa">- suka menyendiri dan mengurung diri di kamar</div>\r\n<div class="_2cuy _3dgx _2vxa"> </div>\r\n<div class="_2cuy _3dgx _2vxa">Terima kasih untuk mas <a class="_2u0z" href="https://www.facebook.com/kika7768" data-hovercard="/ajax/hovercard/user.php?id=777117305">Kika Syafii</a> yang telah ''menjerumuskan'' saya dalam gerakan cegah narkoba di anako.id</div>\r\n<div class="_2cuy _3dgx _2vxa"> </div>\r\n<div class="_2cuy _3dgx _2vxa">Sebuah gerakan preventif melalui kampanye positif dan seminar-seminar, pendampingan melakui konsultasi dan terapi mantan pecandu narkoba secara langsung. Salah satu tujuan dari gerakan ini adalah memberikan edukasi kepada masyarakat agara tidak memperlakukan pengetahuan tentang narkoba secara negatif, dan deteksi dini kepada para orang tua yang putra putrinya berpotensi terjerat narkoba.</div>\r\n<div class="_2cuy _3dgx _2vxa"> </div>\r\n<div class="_2cuy _3dgx _2vxa">Goalnya untuk menumbuhkan Darling Kayang = Sadar Lingkungan dan Kasih sayang Agar masyarakat kembali sadar dengan lingkungannya dan keluarga menumbuhkan kasih sayang ke anak-anaknya.</div>\r\n<div class="_2cuy _3dgx _2vxa"> </div>\r\n<div class="_2cuy _3dgx _2vxa">Sumber : <a title="Sedekah Ilmu" href="https://www.facebook.com/notes/zam-r/kisah-si-budi-siswa-berprestasi-yang-berakhir-di-bui/182630155471586">https://www.facebook.com/notes/zam-r/kisah-si-budi-siswa-berprestasi-yang-berakhir-di-bui/182630155471586</a></div>', 'uploads/image/ilmu/Screenshot_63.png', 101, 'uploads/thumbnail/ilmu/Screenshot_63_thumb.png', 1, 1, 'kisah-si-budi-siswa-berprestasi-yang-berakhir-di-bui'),
(23, '2016-06-28 15:06:58', 8, 'Sembunyikanlah Amal Mu', '<p>Bersedekahlah dengan tangan kanan mu, sehingga tangan kiri mu tidak mengetahui apa yang dilakukan oleh tangan kanan mu</p>', 'uploads/image/ilmu/sembunyikanamalmu.png', 26, 'uploads/thumbnail/ilmu/sembunyikanamalmu_thumb.png', 1, 1, 'sembunyikanlah-amal-mu'),
(24, '2016-06-30 11:56:32', 8, 'Kapan Nikah ? - Pict', '<p><em>“Bersegeralah melakukan kebaikan sebelum datang fitnah (musibah) seperti potongan malam yang gelap”</em> HR. Muslim</p>', 'uploads/image/ilmu/kapannikah.png', 42, 'uploads/thumbnail/ilmu/kapannikah_thumb.png', 1, 1, 'kapan-nikah-pict'),
(25, '2016-07-01 04:27:07', 8, 'Tutuplah Auratmu Wahai Saudariku', '<p>Allah Subahanahu Wata''ala berfirma :</p>\r\n<p>“<em>Hai Nabi katakanlah kepada istri-istrimu, anak-anak perempuanmu dan istri-istri orang mu’min: ''Hendaklah mereka mengulurkan jilbabnya ke seluruh tubuh mereka'' </em>” (QS. Al Ahzab: 59).</p>', 'uploads/image/ilmu/menutupaurat.png', 32, 'uploads/thumbnail/ilmu/menutupaurat_thumb.png', 1, 1, 'tutuplah-auratmu-wahai-saudariku'),
(26, '2016-07-31 10:45:27', 39, 'Sekilas mengenai DVWA', '<p>        Hallo gengs, bagi kalian yang ingin belajar tentang web security tapi bingung nyari target atau korban nya dimana, kalian bisa mencoba yang namanya DVWA. DVWA merupakan singkatan dari Damn Vulnerable Web Application, web apps disini memang sengaja dibuat vulnerable / rentan terhadap serangan hacker, karna tujuan dibuat nya DVWA ini adalah untuk sarana latihan/belajar keamanan web secara legal.</p>\r\n<p align="justify">       DVWA menggunakan PHP sebagai bahasa pemrogramannya, sedangkan untuk database DVWA menggunakan MySQL. Jadi untuk menginstall DVWA pada komputer / laptop kalian, minimal software yang harus kalian miliki adalah sebagai berikut :</p>\r\n<ul>\r\n<li>Web server (apache / ngin-x)</li>\r\n<li>PHP</li>\r\n<li>MySQL</li>\r\n</ul>\r\n<p align="justify">Tentu saja cara termudah untuk mendapatkan software” diatas adalah dengan langsung menginstall XAMPP / LAMPP.</p>\r\n<p align="justify"> </p>\r\n<p align="justify">        Untuk proses instalasi dan tempat download nya, silahkan teman” menuju link <a href="https://github.com/RandomStorm/DVWA">berikut ini</a>. Terdapat 3 pilihan pada link download tersebut, DVWA yang terdapat tulisan “Live CD” artinya DVWA tersebut sudah terinstall pada os linux, jadi nantinya teman” menjalankan DVWA tersebut bisa lewat virtualbox. Dua lainnya adalah source code DVWA yang harus di install ke komputer / laptop masing”.</p>\r\n<p align="justify">Berikut ini adalah situs yang bisa teman” gunakan untuk mempelajari web security menggunakan dvwa :</p>\r\n<ul>\r\n<li>\r\n<p align="justify"><a href="http://www.computersecuritystudent.com/cgi-bin/CSS/process_request_v3.pl?HID=688b0913be93a4d95daed400990c4745&TYPE=SUB">http://www.computersecuritystudent.com/cgi-bin/CSS/process_request_v3.pl?HID=688b0913be93a4d95daed400990c4745&TYPE=SUB</a></p>\r\n</li>\r\n<li>\r\n<p align="justify"><a href="http://www.fuzzysecurity.com/tutorials/4.html">http://www.fuzzysecurity.com/tutorials/4.html</a></p>\r\n</li>\r\n</ul>\r\n<p align="justify">tampilan DVWA</p>\r\n<p align="justify"><img src="https://lambiv2rk123.files.wordpress.com/2014/08/untitled.png?w=1008" alt="tampilan DVWA" width="910" height="592"></p>\r\n<p align="justify">Sebetulnya selain DVWA, masih ada beberapa web apps sejenis diantaranya sebagai berikut :</p>\r\n<ul>\r\n<li>\r\n<p align="justify">WebGoat</p>\r\n</li>\r\n<li>\r\n<p align="justify">UltimateLAMP</p>\r\n</li>\r\n<li>\r\n<p align="justify">bWAPP</p>\r\n</li>\r\n<li>\r\n<p align="justify">Mutillidae</p>\r\n</li>\r\n</ul>\r\n<p align="justify"> </p>\r\n<p align="justify">referensi :</p>\r\n<p align="justify">http://opensource.telkomspeedy.com/wiki/index.php/Beberapa_Tip_Hacking</p>', 'uploads/image/ilmu/68747470733a2f2f7777772e72616e646f6d73746f726d2e636f6d2f696d616765732f746f6f6c732f647677612e706e67.png', 50, 'uploads/thumbnail/ilmu/68747470733a2f2f7777772e72616e646f6d73746f726d2e636f6d2f696d616765732f746f6f6c732f647677612e706e67_thumb.png', 1, 1, 'sekilas-mengenai-dvwa'),
(27, '2016-07-31 11:21:40', 40, 'Sertifikat dari Dicoding Academy', '<p>Malam blogger,, dah lama saya ga ngeblog, maklum masih sekolah banyak mikirin tugas. Ini post pertama saya di wordpress, sebelumnya saya punya website lain, tapi karena beberapa sebab web itu tidak difungsikan lg sebagai blog.</p>\r\n<p>Ok langsung saja, Dicoding Academy merupakan sarana pembelajar bahasa pemprograman, yang saya lihat di sana lebih banyak membahas tentang aplikasi mobile. Beberapa software yang digunakan untuk membuat aplikasi mobile yang di ajarkan di sana yaitu Intel XDK, Android Studio, Unity, Appinventor dll.</p>\r\n<p>Disana saya mencoba salah satu pelajaran beginner yaitu pembuatan aplikasi menggunakan Intel XDK. Jangka waktu saya menngerjakan cukup lama karena fokus mengerjakannya terganggu dengan tugas. Setelah selesai, dan aplikasi akhir telah dikirim, kita harus menunggu konfirmasi dari para pemeriksa aplikasi dri dicoding. Jangka waktu pemeriksaan bisa berharihari bahkan bermingguminggu maklum pemeriksaan aplikasi secara manual alias menggunakan komputer nasi.</p>\r\n<p>Berikut salah satu sertifikatnya</p>\r\n<p><img src="https://jessicarekcah.files.wordpress.com/2016/07/screenshot-2-e1468692976969.png?w=300&h=205" alt="Sertifikat" width="300" height="205"></p>\r\n<p>Sumber</p>\r\n<p><a href="https://jessicarekcah.wordpress.com/">https://jessicarekcah.wordpress.com/</a></p>', 'uploads/image/ilmu/untitled.png', 28, 'uploads/thumbnail/ilmu/untitled_thumb.png', 1, 1, 'sertifikat-dari-dicoding-academy');

-- --------------------------------------------------------

--
-- Table structure for table `tbl_kategoriilmu`
--

CREATE TABLE IF NOT EXISTS `tbl_kategoriilmu` (
  `kategoriilmu_id` int(11) NOT NULL AUTO_INCREMENT,
  `kategoriilmu_nm` varchar(50) NOT NULL,
  `kategoriilmu_url` varchar(100) NOT NULL,
  `tgl_input` timestamp NOT NULL DEFAULT CURRENT_TIMESTAMP,
  `user_id` int(11) NOT NULL,
  PRIMARY KEY (`kategoriilmu_id`)
) ENGINE=InnoDB  DEFAULT CHARSET=latin1 AUTO_INCREMENT=20 ;

--
-- Dumping data for table `tbl_kategoriilmu`
--

INSERT INTO `tbl_kategoriilmu` (`kategoriilmu_id`, `kategoriilmu_nm`, `kategoriilmu_url`, `tgl_input`, `user_id`) VALUES
(1, 'Pemrograman', 'pemrograman', '2016-06-28 00:00:00', 8),
(2, 'Tutorial', 'tutorial', '2016-06-20 00:00:00', 8),
(3, 'Kesehatan', 'kesehatan', '2016-06-22 00:00:00', 8),
(4, 'Sapaan', 'sapaan', '2016-06-13 00:00:00', 8),
(5, 'PHP', 'php', '2016-06-13 00:00:00', 8),
(6, 'HTML', 'html', '2016-06-29 00:00:00', 8),
(7, 'JAVASCRIPT', 'javascript', '2016-06-15 00:00:00', 8),
(8, 'JQUERY', 'jquery', '2016-06-15 00:00:00', 8),
(9, 'New Be', 'new-be', '2016-06-30 00:00:00', 9),
(12, 'Nasehat', 'nasehat', '2016-06-19 04:53:22', 8),
(14, 'Bootstrap', 'bootstrap', '2016-06-19 05:06:01', 8),
(15, 'Text Editor', 'text-editor', '2016-06-19 05:07:15', 8),
(17, 'Kisah', 'kisah', '2016-06-19 14:39:41', 8),
(18, 'Lain - Lain', 'lain-lain', '2016-06-19 14:39:52', 8),
(19, 'Pict', 'pict', '2016-06-30 11:39:52', 8);

-- --------------------------------------------------------

--
-- Table structure for table `tbl_kategoriilmudetail`
--

CREATE TABLE IF NOT EXISTS `tbl_kategoriilmudetail` (
  `kategoriilmu_id` int(11) NOT NULL,
  `ilmu_id` int(11) NOT NULL
) ENGINE=InnoDB DEFAULT CHARSET=latin1;

--
-- Dumping data for table `tbl_kategoriilmudetail`
--

INSERT INTO `tbl_kategoriilmudetail` (`kategoriilmu_id`, `ilmu_id`) VALUES
(4, 13),
(2, 14),
(1, 15),
(15, 15),
(6, 20),
(1, 20),
(14, 20),
(8, 20),
(7, 20),
(5, 20),
(6, 21),
(18, 22),
(17, 22),
(12, 23),
(19, 24),
(12, 24),
(19, 25),
(12, 25),
(18, 26),
(1, 27),
(18, 27);

-- --------------------------------------------------------

--
-- Table structure for table `tbl_subscriber`
--

CREATE TABLE IF NOT EXISTS `tbl_subscriber` (
  `subscriber_id` int(11) NOT NULL AUTO_INCREMENT,
  `subscriber_nm` varchar(50) NOT NULL,
  `tgl_input` timestamp NOT NULL DEFAULT CURRENT_TIMESTAMP,
  `email` varchar(100) NOT NULL,
  `user_id` int(11) DEFAULT '0',
  PRIMARY KEY (`subscriber_id`)
) ENGINE=InnoDB  DEFAULT CHARSET=latin1 AUTO_INCREMENT=6 ;

--
-- Dumping data for table `tbl_subscriber`
--

INSERT INTO `tbl_subscriber` (`subscriber_id`, `subscriber_nm`, `tgl_input`, `email`, `user_id`) VALUES
(1, 'Andi Rohandi', '2016-06-20 23:52:42', 'Andi Rohandi', 0),
(2, 'andi', '2016-06-21 03:14:07', 'andi', 0),
(3, 'andi', '2016-06-21 03:14:57', 'andi', 0),
(4, 'andi', '2016-06-21 03:16:36', 'andirohandi.android@gmail.com', 0),
(5, 'andi', '2016-06-21 03:16:50', 'andirohandi.android@gmail.com', 0);

-- --------------------------------------------------------

--
-- Table structure for table `tbl_userlevel`
--

CREATE TABLE IF NOT EXISTS `tbl_userlevel` (
  `userlevel_id` int(11) NOT NULL AUTO_INCREMENT,
  `userlevel_nm` varchar(20) NOT NULL,
  PRIMARY KEY (`userlevel_id`)
) ENGINE=InnoDB  DEFAULT CHARSET=latin1 AUTO_INCREMENT=3 ;

--
-- Dumping data for table `tbl_userlevel`
--

INSERT INTO `tbl_userlevel` (`userlevel_id`, `userlevel_nm`) VALUES
(1, 'admin'),
(2, 'user');

-- --------------------------------------------------------

--
-- Table structure for table `tbl_users`
--

CREATE TABLE IF NOT EXISTS `tbl_users` (
  `user_id` int(10) NOT NULL AUTO_INCREMENT,
  `userlevel_id` int(11) NOT NULL,
  `nama` varchar(255) NOT NULL,
  `password` varchar(255) NOT NULL,
  `email` varchar(255) NOT NULL,
  `profile` varchar(255) NOT NULL,
  `facebook` varchar(255) NOT NULL,
  `gambar` varchar(255) NOT NULL,
  `userstatus_id` int(2) NOT NULL DEFAULT '3',
  `created_at` timestamp NOT NULL DEFAULT CURRENT_TIMESTAMP ON UPDATE CURRENT_TIMESTAMP,
  PRIMARY KEY (`user_id`)
) ENGINE=InnoDB  DEFAULT CHARSET=latin1 AUTO_INCREMENT=41 ;

--
-- Dumping data for table `tbl_users`
--

INSERT INTO `tbl_users` (`user_id`, `userlevel_id`, `nama`, `password`, `email`, `profile`, `facebook`, `gambar`, `userstatus_id`, `created_at`) VALUES
(8, 1, 'Andi Rohandi', '$2y$10$OXhwaA1Um0ogbF4cNPVCbOBoOhRwQCBipfVKZT6Y7v1ViK6TB01jC', 'admin@gmail.com', 'Perkenalkan nama saya Andi Rohandi, Saya tinggal di kota Bandung.', 'https://www.facebook.com/secangkirairdigurunpasir', 'uploads/profile/bubar.png', 1, '2016-06-19 02:38:29');

-- --------------------------------------------------------

--
-- Table structure for table `tbl_userstatus`
--

CREATE TABLE IF NOT EXISTS `tbl_userstatus` (
  `userstatus_id` int(2) NOT NULL,
  `userstatus_nm` varchar(20) NOT NULL,
  PRIMARY KEY (`userstatus_id`)
) ENGINE=InnoDB DEFAULT CHARSET=latin1;

--
-- Dumping data for table `tbl_userstatus`
--

INSERT INTO `tbl_userstatus` (`userstatus_id`, `userstatus_nm`) VALUES
(1, 'AKTIF'),
(2, 'BLOCKED'),
(3, 'BELUM VERIFIKASI EMA');

/*!40101 SET CHARACTER_SET_CLIENT=@OLD_CHARACTER_SET_CLIENT */;
/*!40101 SET CHARACTER_SET_RESULTS=@OLD_CHARACTER_SET_RESULTS */;
/*!40101 SET COLLATION_CONNECTION=@OLD_COLLATION_CONNECTION */;
